Release Date,Episode Title,pos,neg,neu,compound,Episode,Season,Name,Sentence
17/04/2011,Winter is Coming,0.0,0.299,0.701,-0.5719,1.0,1.0,jaime lannister,"You've much to teach me, no doubt. But our sister craves your attention."
17/04/2011,Winter is Coming,0.0,0.315,0.685,-0.3182,1.0,1.0,tyrion lannister,"She has odd cravings, our sister."
15/05/2011,The Wolf and the Lion,0.099,0.05,0.851,0.4199,5.0,1.0,robert baratheon,"Hmm... A bloody idiot... But Cersei insisted. I have Jon Arryn to thank for her. ""Cersei Lannister will make a good match"", he told me. ""You'll need her father on your side."" I thought being King meant I could do whatever I wanted. Enough of this! Let's go watch 'em ride. At least I can smell someone else's blood."
29/05/2011,You Win or You Die,0.0,0.0,1.0,0.0,7.0,1.0,renly baratheon,Saving the Seven Kingdoms from Cersei and delivering them to Stannis?
12/06/2011,Baelor,0.142,0.107,0.751,0.3842,9.0,1.0,varys,Boys have been conquerors before. But the man giving Cersei sleepless nights is the king's the late king's brother. Lord Stannis has the best claim to the throne. He is a proven battle commander and he is utterly without mercy.
12/06/2011,Baelor,0.094,0.294,0.612,-0.8181,9.0,1.0,varys,Sansa pleaded so sweetly for your life. lt would be a shame to throw it away. Cersei is no fool. She knows a tame wolf is more use to her than a dead one.
12/06/2011,Baelor,0.159,0.136,0.705,-0.1007,9.0,1.0,varys,"l want you to serve the realm! Tell the queen you will confess your vile treason, tell your son to lay down his sword and proclaim Joffrey as the true heir. Cersei knows you as a man of honor. lf you give her the peace she needs, and promise to carry her secret to your grave, l believe she will allow you to take the black and live out your days on the Wall with your brother and your bastard son."
01/04/2012,The North Remembers,0.0,0.061,0.939,-0.296,1.0,2.0,matthos,"That my brother Robert left no trueborn heirs; the boy Joffrey, the boy Tommen, and the girl Myrcella, being born of incest between Cersei Lannister and her brother Jaime Lannister. By right of birth -"""
01/04/2012,The North Remembers,0.105,0.0,0.895,0.5106,1.0,2.0,robb stark,"Third... Joffrey and the Queen Regent must renounce all claim to dominion of the North. From this time, till the end of time, we are a free and independent kingdom."
01/04/2012,The North Remembers,0.11,0.135,0.755,-0.2023,1.0,2.0,robb stark,"These are my terms. If the Queen Regent and her son meet them, I'll give them peace. If not, I will litter the south with Lannister dead."
08/04/2012,The Night Lands,0.0,0.055,0.945,-0.296,2.0,2.0,matthos,"My brother Robert left no trueborn heirs, the boy Joffrey being born of incest between Cersei Lannister, and her brother Jaime Lannister. By right of birth, and blood, I do this day lay claim to the Iron Throne of Westeros."
08/04/2012,The Night Lands,0.155,0.147,0.697,-0.1779,2.0,2.0,tyrion lannister,"That's good of you, but you have heard them. I suppose people who do believe that filth, consider Robert's bastards to be better claimants to the throne than Cersei's children."
08/04/2012,The Night Lands,0.212,0.192,0.596,0.0772,2.0,2.0,tyrion lannister,The queen regent. And you're a fool to believe she's your friend.
08/04/2012,The Night Lands,0.151,0.165,0.684,-0.3822,2.0,2.0,saan,"Cersei, I want her. I'll sail with your fleet, all 30 of my ships, and if we don't drown at the bottom of Blackwater Bay, I will fuck this blonde queen and I will fuck her well."
08/04/2012,The Night Lands,0.0,0.178,0.822,-0.3818,2.0,2.0,tyrion lannister,"Listen to me, Queen Regent, you're losing the people. Do you hear me?"
15/04/2012,What Is Dead May Never Die,0.0,0.0,1.0,0.0,3.0,2.0,tyrion lannister,"It's done, Cersei."
22/04/2012,Garden of Bones,0.0,0.0,1.0,0.0,4.0,2.0,arya stark,Joffrey. Cersei. llyn Payne. The Hound. Joffrey. Cersei. llyn Payne. The Hound. Joffrey. Cersei. llyn Payne. The Hound.
22/04/2012,Garden of Bones,0.0,0.0,1.0,0.0,4.0,2.0,arya stark,Joffrey. Cersei. llyn Payne. The Hound.
22/04/2012,Garden of Bones,0.309,0.0,0.691,0.7003,4.0,2.0,lancel,"Her Grace, the Queen Regent, commands you to release Grand Maester Pycelle. Here's your warrant."
22/04/2012,Garden of Bones,0.0,0.0,1.0,0.0,4.0,2.0,tyrion lannister,And you've received these instructions directly from Cersei?
22/04/2012,Garden of Bones,0.151,0.0,0.849,0.2411,4.0,2.0,lancel,"When the Queen Regent gives me a command, I carry it out without delay."
22/04/2012,Garden of Bones,0.316,0.0,0.684,0.8126,4.0,2.0,tyrion lannister,"Cersei must have great trust in you, allowing you into her chamber during the hour of the wolf."
22/04/2012,Garden of Bones,0.24,0.0,0.76,0.6249,4.0,2.0,lancel,The Queen Regent has a great many responsibilities. She often works from dusk till dawn.
22/04/2012,Garden of Bones,0.158,0.071,0.771,0.4687,4.0,2.0,tyrion lannister,"An anointed knight, yes. Tell me, did Cersei have you knighted before or after she took you into her bed? What? Nothing to say? No more warnings for me, ser?"
22/04/2012,Garden of Bones,0.158,0.031,0.811,0.836,4.0,2.0,tyrion lannister,"You heard me. My father told you to obey my sister. Obey her. Stay close to her side. Keep her trust. Pleasure her whenever she requires. No one ever need know, as long as you keep faith with me. I want to know what Cersei is doing, where she goes, who she sees, what they talk of, everything. And you will tell me."
22/04/2012,Garden of Bones,0.164,0.024,0.812,0.8216,4.0,2.0,tyrion lannister,"Yes, I'll release him in the morning. Cersei can keep him as a pet, if she wants, but I will not have him on the Council. I could swear that I had not harmed a single hair on his head, but that would not, strictly speaking, be true. Stay within one table length."
13/05/2012,A Man Without Honor,0.097,0.311,0.592,-0.9101,7.0,2.0,jaime lannister,"Do you know, I've never been with any woman but Cersei. So in my own way, I have more honor than poor old dead Ned. What was the name of that bastard he fathered?"
20/05/2012,The Prince of Winterfell,0.094,0.0,0.906,0.4215,8.0,2.0,kevan,King's Landing will fall an hour after Stannis lands his force. It's not too late for King Joffrey and Cersei and the court to ride west to safety.
03/06/2012,Valar Morghulis,0.087,0.0,0.913,0.5423,10.0,2.0,jaqen hghar,"To be a dancing master is a special thing, but to be a faceless man, that is something else entirely. The girl has many names on her lips. Joffrey, Cersei, Tywin Lannister, llyn Payne, the Hound. Names to offer up to the Red God. She could offer them all one by one."
28/04/2013,Kissed by Fire,0.0,0.0,1.0,0.0,5.0,3.0,arya stark,Joffrey. Cersei. Ilyn Payne. Ser Meryn. The Hound. What are you going to do with me?
05/05/2013,The Climb,0.0,0.0,1.0,0.0,6.0,3.0,arya stark,Joffrey. Cersei. Ilyn Payne.
05/05/2013,The Climb,0.181,0.081,0.738,0.4588,6.0,3.0,olenna tyrell,"And if Cersei is too old to give Loras children, we're throwing another prized flower into the dirt. It is a chance we simply cannot take."
05/05/2013,The Climb,0.069,0.066,0.866,0.0258,6.0,3.0,tywin lannister,"If you refuse to marry Loras to Cersei, I will name him to the Kingsguard. I'm sure you're familiar with the Kingsguard vows. He will never marry. He will never have children."
19/05/2013,Second Sons,0.0,0.084,0.916,-0.6152,8.0,3.0,olenna tyrell,"So their son will be your nephew. After you're wed to Cersei, of course. And you will be the king's stepfather and brother-in-law. When you marry the king, Joffrey's mother will become his sister-in-law and your son will be Loras' nephew? Grandson? I'm not sure. But your brother will become your father-in-law. That much is beyond dispute."
09/06/2013,Mhysa,0.0,0.0,1.0,0.0,10.0,3.0,jaime lannister,Cersei.
13/04/2014,The Lion and the Rose,0.119,0.252,0.63,-0.5574,2.0,4.0,tyrion lannister,"You lost a hand, not a stomach. Try the boar. Cersei can't get enough of it since one killed Robert for her."
13/04/2014,The Lion and the Rose,0.054,0.155,0.791,-0.7964,2.0,4.0,jaime lannister,"Perhaps they should get married. If you were to marry Cersei, she'd murder you in your sleep. If you somehow managed to put a child in her first, she'd murder him, too, long before he drew his first breath. Luckily for you, none of this will happen because you'll never marry her."
13/04/2014,The Lion and the Rose,0.171,0.0,0.829,0.7506,2.0,4.0,oberyn martell,"I don't believe you have met Ellaria. This is the Lord Hand Tywin Lannister and Cersei Lannister, the Queen Regent. I suppose it is former Queen Regent now. Lord Hand and Lady Cersei, Ellaria Sand."
13/04/2014,The Lion and the Rose,0.171,0.0,0.829,0.7506,2.0,4.0,oberyn martell,"I don't believe you have met Ellaria. This is the Lord Hand Tywin Lannister and Cersei Lannister, the Queen Regent. I suppose it is former Queen Regent now. Lord Hand and Lady Cersei, Ellaria Sand."
13/04/2014,The Lion and the Rose,0.193,0.0,0.807,0.6705,2.0,4.0,oberyn martell,"I expect it is a relief, Lady Cersei, giving up your regal responsibilities. Wearing the crown for so many years must have left your neck a bit crooked."
13/04/2014,The Lion and the Rose,0.046,0.181,0.773,-0.8625,2.0,4.0,oberyn martell,"People everywhere have their differences. In some places, the highborn frown upon those of low birth. In other places, the rape and murder of women and children is considered distasteful. What a fortunate thing for you, former Queen Regent, that your daughter Myrcella has been sent to live in the latter sort of place."
20/04/2014,Breaker of Chains,0.146,0.15,0.705,-0.3499,3.0,4.0,tyrion lannister,"I don't know. They. They. The ominous they. The man pulling the strings. Or woman. My father. Maybe Joffrey was too much work for him. Sweet Tommen will be so much easier to handle. Whenever something bad happens to me, I assume it's my sister that had a hand in it. But say what you will of Cersei, she loves her children. She is the only one I'm certain had nothing to do with this murder. Which makes it unique as King's Landing murders go."
27/04/2014,Oathkeeper,0.278,0.0,0.722,0.4019,4.0,4.0,tyrion lannister,"It's complicated, yes. So how is our sister?"
27/04/2014,Oathkeeper,0.032,0.258,0.71,-0.9393,4.0,4.0,tyrion lannister,"My trial for regicide.Yes, I know. I know the whole bloody country thinks I'm guilty. I know that one of my three judges has wished me dead more times than I can count. And that judge is my father. As for Cersei, well, she's probably working on a way to avoid a trial altogether by having me killed."
27/04/2014,Oathkeeper,0.0,0.168,0.832,-0.7561,4.0,4.0,jaime lannister,"Which is why we're having a trial. A trial. If the killer threw himself before the Iron Throne, confessed to his crimes, and gave irrefutable evidence of his guilt, it wouldn't matter to Cersei. She won't rest until my heado s on a spike."
27/04/2014,Oathkeeper,0.152,0.172,0.675,-0.5053,4.0,4.0,olenna tyrell,"And once he could, the only thing he wanted was what I'd given him the night before. I was good. I was very, very good. You are even better. But you need to act quickly. Cersei may be vicious, but she's not stupid. She'll turn the boy against you as soon as she can. And by the time you're married, it'll be too late. Luckily for you ,the Queen Regent is rather distracted at the moment, mourning her dear departed boy. Accusing her brother of his murder, which he didn't commit."
27/04/2014,Oathkeeper,0.152,0.172,0.675,-0.5053,4.0,4.0,olenna tyrell,"And once he could, the only thing he wanted was what I'd given him the night before. I was good. I was very, very good. You are even better. But you need to act quickly. Cersei may be vicious, but she's not stupid. She'll turn the boy against you as soon as she can. And by the time you're married, it'll be too late. Luckily for you ,the Queen Regent is rather distracted at the moment, mourning her dear departed boy. Accusing her brother of his murder, which he didn't commit."
27/04/2014,Oathkeeper,0.0,0.0,1.0,0.0,4.0,4.0,jaime lannister,"He didn't do it, Cersei."
04/05/2014,First of His Name,0.0,0.0,1.0,0.0,5.0,4.0,arya stark,Joffrey. Cersei. Walder Frey. Meryn Trant. Tywin Lannister. The Red Woman. Beric Dondarrion. Thoros of Myr. Ilyn Payne. The Mountain.
11/05/2014,The Laws of Gods and Men,0.132,0.132,0.736,0.2406,6.0,4.0,stannis baratheon,"67. And when he dies, who's in command? A half-grown boy, the product of incest? Cersei Lannister, a queen whose people despise her? Jaime Lannister, a man best known for killing the king he was sworn to protect? When Tywin's gone, who do you back?"
11/05/2014,The Laws of Gods and Men,0.0,0.289,0.711,-0.7845,6.0,4.0,tywin lannister,"Tyrion of the House Lannister, you stand accused by the Queen Regent of regicide. Did you kill King Joffrey?"
11/05/2014,The Laws of Gods and Men,0.142,0.164,0.694,-0.088,6.0,4.0,jaime lannister,This isn't a trial. It's a farce. Cersei has manipulated everything and you know it.
18/05/2014,Mockingbird,0.293,0.0,0.707,0.885,7.0,4.0,tyrion lannister,Will you find him for me? Who does Cersei plan on naming as a champion? I hope it's Ser Meryn Trant. I'd enjoy watching Bronn disembowel that pompous child beater.
18/05/2014,Mockingbird,0.0,0.0,1.0,0.0,7.0,4.0,tyrion lannister,"Well... sooner or later, Cersei always gets what she wants."
01/06/2014,The Mountain and the Viper,0.165,0.128,0.708,0.6486,8.0,4.0,sansa stark,"Lord Baelish has told many lies. All to protect me. Since my father was executed, I have been a hostage in King's Landing. A plaything for Joffrey to torture or Queen Cersei to torment. They beat me, they humiliated me, they married me to the Imp. I had no friends in King's Landing...except one. He saved me. Smuggled me away when he had the chance. He knew I'd be safe here in the Eyrie with my own blood, my Aunt Lysa. The Lannisters have friends everywhere. Even the Vale. He made me swear not to tell anyone my true name."
12/04/2015,The Wars to Come,0.0,0.0,1.0,0.0,1.0,5.0,melara,"Come on, we have to go. We have to go! Cersei!"
12/04/2015,The Wars to Come,0.0,0.0,1.0,0.0,1.0,5.0,petyr baelish,"So a land so far from here, even Cersei Lannister can't get her hands on you."
12/04/2015,The Wars to Come,0.111,0.312,0.577,-0.6369,1.0,5.0,loras,My intended? Please. Tywin's dead. That means no one can force Cersei to marry me.
12/04/2015,The Wars to Come,0.0,0.112,0.888,-0.5267,1.0,5.0,loras,"If she doesn't marry me, she doesn't go to Highgarden. Which means she stays in King's Landing. Which means you're trapped here with Cersei Lannister as your mother-by-law."
19/04/2015,The House of Black and White,0.0,0.0,1.0,0.0,2.0,5.0,arya stark,"Cersei, Walder Frey, The Mountain, Meryn Trant. Cersei, Walder Frey, The Mountain, Meryn Trant."
19/04/2015,The House of Black and White,0.0,0.0,1.0,0.0,2.0,5.0,varys,You can't. Cersei has offered a lordship to the man who brings her your head.
19/04/2015,The House of Black and White,0.0,0.265,0.735,-0.7236,2.0,5.0,tyrion lannister,How many dwarves are there in the world? Is Cersei going to kill them all?
19/04/2015,The House of Black and White,0.0,0.058,0.942,-0.0572,2.0,5.0,kevan,I do not recognize your authority to dictate what is and is not my concern. You are the Queen Mother. Nothing more.
26/04/2015,High Sparrow,0.074,0.118,0.808,-0.3074,3.0,5.0,margaery tyrell,"Oh, forgive me, I haven't been at Court for long, I get so confused. What's the proper way to address you now? Queen Mother or Dowager Queen?"
26/04/2015,High Sparrow,0.162,0.0,0.838,0.4404,3.0,5.0,margaery tyrell,"In any event, judging from the King's enthusiasm, the Queen Mother will be a Queen Grandmother soon."
26/04/2015,High Sparrow,0.267,0.0,0.733,0.6249,3.0,5.0,petyr baelish,"Queen Margaery adores Sansa. Cersei is Queen Mother, a title whose importance wanes with each passing day."
26/04/2015,High Sparrow,0.267,0.0,0.733,0.6249,3.0,5.0,petyr baelish,"Queen Margaery adores Sansa. Cersei is Queen Mother, a title whose importance wanes with each passing day."
26/04/2015,High Sparrow,0.185,0.0,0.815,0.7717,3.0,5.0,roose,"And yet she still has friends. Men in important places, whom she can ask for favours. . A message for you, from Cersei Lannister. A rider arrived from Eyrie, shortly before dawn. Apparently, she thinks you're still in the Vale."
26/04/2015,High Sparrow,0.111,0.043,0.846,0.5994,3.0,5.0,roose,"I'm sure you understand my position, Lord Baelish. If you received word in the night from the Queen Mother, it does make me question our new alliance. The Lannisters made you one of the great lords of Westeros. Yet, here you are in the North, undermining them. Why gamble with your position?"
26/04/2015,High Sparrow,0.138,0.0,0.862,0.7717,3.0,5.0,petyr baelish,"The Eyrie is mine. The last time the lords of the Eyrie formed an alliance with the lords of the North, they brought down the greatest dynasty this world has ever known. I'd like to borrow one of your birds. Cersei will expect a reply."
03/05/2015,Sons of the Harpy,0.0,0.184,0.816,-0.4019,4.0,5.0,petyr baelish,Cersei sent for me. . We must not let her sniff out any trouble.
03/05/2015,Sons of the Harpy,0.15,0.159,0.691,-0.0516,4.0,5.0,elaria,"We don't need an army to start a war. . Queen Cersei loves her children, and we have one of them."
17/05/2015,"Unbowed, Unbent, Unbroken",0.102,0.107,0.791,-0.0258,6.0,5.0,petyr baelish,I'm here on urgent business for the Queen Mother. Should I send word that I'll be delayed?
17/05/2015,"Unbowed, Unbent, Unbroken",0.0,0.0,1.0,0.0,6.0,5.0,margaery tyrell,Cersei is behind this.
17/05/2015,"Unbowed, Unbent, Unbroken",0.071,0.187,0.742,-0.4939,6.0,5.0,olenna tyrell,"Of course she is. She wants to drag our names through the dirt. Put us in our place. Get some rest, dear, you look appalling. Let me deal with Cersei Lannister."
17/05/2015,"Unbowed, Unbent, Unbroken",0.0,0.0,1.0,0.0,6.0,5.0,olenna tyrell,And the famous tart Queen Cersei.
24/05/2015,The Gift,0.0,0.189,0.811,-0.6808,7.0,5.0,olenna tyrell,"A man of the people, is that your game? It's an old game. dull and unconvincing. A man of the people who does Cersei's dirty work for her."
24/05/2015,The Gift,0.173,0.0,0.827,0.2235,7.0,5.0,petyr baelish,Cersei summoned me to King's Landing. I dared not refuse her.
24/05/2015,The Gift,0.524,0.0,0.476,0.765,7.0,5.0,petyr baelish,The same kind I gave Cersei. A handsome young man.
14/06/2015,Mother’s Mercy,0.149,0.042,0.809,0.8689,10.0,5.0,sparrow,"A sinner comes before you. Cersei of House Lannister, mother to his Grace King Tommen, widow to his Grace King Robert. She has committed the acts of falsehood and fornication. She has confessed her sins and begged for forgiveness. To demonstrate her repentance, she will cast aside all pride, all artifice, and present herself as the gods made her, to you. The good people of the city. She comes before you with a solemn heart. Shorn of secrets. Naked before the eyes of gods and men. To make her walk of atonement."
01/05/2016,Home,0.0,0.265,0.735,-0.6597,2.0,6.0,storyteller,"Right, so there she is, high and mighty Queen Cersei, tits and ass jiggling in the breeze"
08/05/2016,Oathbreaker,0.133,0.0,0.867,0.9308,3.0,6.0,sparrow,"How do you think the Mother Above first came to us? How did men and women first come to feel the Mother's presence? It was through their own mothers There is a great deal of falsehood in Cersei, you know that But when she speaks of you, the Mother's love outshines it all Her love for you is more real than anything else in this world Because it doesn't come from this world But you know that You've felt it You've seen her when she talks to you"
08/05/2016,Oathbreaker,0.0,0.0,1.0,0.0,3.0,6.0,arya stark,"Cersei Lannister, Gregor Clegane, Walder Frey"
15/05/2016,Book of the Stranger,0.143,0.0,0.857,0.3612,4.0,6.0,maester,"PYCELLE hobbles towards the door. As he leaves, he flashes CERSEI a smile. CERSEI closes the door."
15/05/2016,Book of the Stranger,0.0,0.0,1.0,0.0,4.0,6.0,kevan,and LADY OLENNA are waiting in the Small Council chamber for the meeting to start. CERSEI and JAIME enter.
15/05/2016,Book of the Stranger,0.096,0.0,0.904,0.5106,4.0,6.0,jaime lannister,Cersei is the mother of the king. She has the king's ear and his trust. And the king has been speaking regularly with the High Sparrow about Queen Margaery and Ser Loras.
22/05/2016,The Door,0.0,0.0,1.0,0.0,5.0,6.0,izembaro,"Shut up, you swine! Cersei, more wine."
05/06/2016,The Broken Man,0.082,0.285,0.633,-0.9436,7.0,6.0,olenna tyrell,"What'll you do, then? You have no support. Not anymore. Your brother's gone. The High Sparrow saw to that. The rest of your family have abandoned you. The people despise you. You're surrounded by enemies, thousands of them. You're going to kill them all by yourself? You've lost, Cersei. It's the only joy I can find in all this misery."
12/06/2016,No One,0.148,0.061,0.791,0.8074,8.0,6.0,tommen lannister,"Lords and ladies, the Faith and the Crown are the two pillars that hold up this world. One collapses, so does the other. The Father judges us all. If you break his laws...you will be punished. After conferring with His Holiness the High Septon, we have determined that Loras Tyrell and Cersei lannister's trial will be held in the Great Sept of Baelor on the first day of the Festival of the Mother."
12/06/2016,No One,0.114,0.093,0.792,0.4019,8.0,6.0,tommen lannister,"Furthermore, after much prayer and reflection, the Crown has decided that from this day forward, trial by combat will be forbidden throughout the Seven Kingdoms. The tradition is a brutish one, a scheme devised by corrupt rulers in order to avoid true judgment from the gods. Cersei Lannister and Loras Tyrell will stand trial before seven septons as it was in the earliest days of the Faith. Seven blessings to all."
12/06/2016,No One,0.126,0.0,0.874,0.3506,8.0,6.0,jaime lannister,"She loved her children. I suppose all mothers do, but Catelyn and Cersei, there's a fierceness you don't often see."
12/06/2016,No One,0.0,0.0,1.0,0.0,8.0,6.0,edmure,You didn't come here to talk about our sisters.
12/06/2016,No One,0.197,0.023,0.78,0.8412,8.0,6.0,jaime lannister,"That's exactly why I came here. I love Cersei. You can laugh at that if you want. You can sneer. It doesn't matter. She needs me. And to get back to her, I have to take Riverrun. I'll send for your baby boy."
12/06/2016,No One,0.0,0.062,0.938,-0.0572,8.0,6.0,jaime lannister,"And I'll launch him into Riverrun with a catapult. Because you don't matter to me, Lord Edmure. Your son doesn't matter to me. The people in the castle don't matter to me. Only Cersei. And if I have to slaughter every Tully who ever lived to get back to her, that's what I'll do."
26/06/2016,The Winds of Winter,0.169,0.062,0.769,0.4767,10.0,6.0,sparrow,"I've kept my word. Once the queen mother's trial is concluded, Brother Loras is free to leave."
26/06/2016,The Winds of Winter,0.0,0.0,1.0,0.0,10.0,6.0,margaery tyrell,And where is the queen mother?
26/06/2016,The Winds of Winter,0.0,0.17,0.83,-0.3089,10.0,6.0,sparrow,It appears the queen mother doesn't wish to attend her own trial.
26/06/2016,The Winds of Winter,0.0,0.0,1.0,0.0,10.0,6.0,margaery tyrell,Cersei is not here. Tommen is not here. Why do you think they are not here?
26/06/2016,The Winds of Winter,0.06,0.125,0.815,-0.2846,10.0,6.0,margaery tyrell,"Forget about the bloody gods and listen to what I'm telling you. Cersei understands the consequences of her absence and she is absent anyway, which means she does not intend to suffer those consequences. The trial can wait. We all need to leave."
26/06/2016,The Winds of Winter,0.0,0.38,0.62,-0.9382,10.0,6.0,olenna tyrell,Cersei stole the future from me. She killed my son. She killed my grandson. She killed my granddaughter. Survival is not what I'm after now.
26/06/2016,The Winds of Winter,0.0,0.0,1.0,0.0,10.0,6.0,qyburn,"I now proclaim Cersei of the House Lannister First of Her Name, Queen of the Andals and the First Men, Protector of the Seven Kingdoms."
16/07/2017,Dragonstone,0.0,0.0,1.0,0.0,1.0,7.0,jon snow,"Cersei of House Lannister, First of Her Name, Queen of the Andals and the First Men, Protector of the Seven Kingdoms--"
16/07/2017,Dragonstone,0.0,0.0,1.0,0.0,1.0,7.0,sansa stark,We still have a wall between us and the Night King. Theres nothing between us and Cersei.
16/07/2017,Dragonstone,0.0,0.0,1.0,0.0,1.0,7.0,jon snow,There's a thousand miles between us and Cersei. Winter is here. The Lannisters are a southern army. They've never ranged this far north.
16/07/2017,Dragonstone,0.0,0.0,1.0,0.0,1.0,7.0,jaime lannister,Cersei--
23/07/2017,Stormborn,0.0,0.098,0.902,-0.34,2.0,7.0,varys,"Cersei controls fewer than half the Seven Kingdoms. The lord of Westeros despise her. Even before your arrival, they plotted against her. Now..."
23/07/2017,Stormborn,0.264,0.0,0.736,0.9231,2.0,7.0,tyrion lannister,"We can take the Seven Kingdoms without turning it into a slaughterhouse. If the great houses support your claim against Cersei, the game is won. With the Tyrell army and the Dornish on our side, we have powerful allies in the south."
23/07/2017,Stormborn,0.072,0.203,0.725,-0.7624,2.0,7.0,tyrion lannister,"If he does rule the north, he would make a valuable ally. The Lannisters executed his father and conspired to murder his brother. Jon Snow has even more reason to hate Cersei than you do."
23/07/2017,Stormborn,0.194,0.086,0.719,0.7387,2.0,7.0,sansa stark,"Tyrion is not like the other Lannisters. He was always kind to me, but it's too great a risk. ""The Seven Kingdoms will bleed as long as Cersei sits on the Iron Throne. Join us. Together we can end her tyranny."""
23/07/2017,Stormborn,0.149,0.332,0.519,-0.8779,2.0,7.0,jaime lannister,I want you to be my ranking general in the wars to come. I want you to swear allegiance to Cersei and I want you to help her destroy her enemies. All of her enemies.
23/07/2017,Stormborn,0.0,0.094,0.906,-0.4215,2.0,7.0,daenerys targaryen,We will lay siege to the capital surrounding the city on all sides. Cersei will have the Iron Throne but no food for her army or the people.
23/07/2017,Stormborn,0.189,0.0,0.811,0.8271,2.0,7.0,tyrion lannister,"Cersei will try to rally the lords of Westeros by appealing to their loyalty, their love for their country. If we besiege the city with foreigners, we prove her point. Our army should be Westerosi."
23/07/2017,Stormborn,0.301,0.0,0.699,0.7845,2.0,7.0,tyrion lannister,The Dornish will lay siege to the capital alongside the Tyrell army. Two great kingdoms united against Cersei.
23/07/2017,Stormborn,0.086,0.25,0.664,-0.6876,2.0,7.0,daenerys targaryen,I realize you're here out of hatred for Cersei and not love for me. But I swear to you she will pay for what she's done and we will bring peace back to Westeros.
23/07/2017,Stormborn,0.0,0.462,0.538,-0.7184,2.0,7.0,man,Horse shit. Cersei is just trying to frighten us.
23/07/2017,Stormborn,0.0,0.0,1.0,0.0,2.0,7.0,arya stark,I heard Cersei's queen now.
23/07/2017,Stormborn,0.0,0.0,1.0,0.0,2.0,7.0,arya stark,Cersei would do that.
23/07/2017,Stormborn,0.15,0.0,0.85,0.7184,2.0,7.0,jon snow,"He's now Hand of the Queen to Daenerys Targaryen. She intends to take the Iron Throne from Cersei Lannister. She has a powerful army at her back and if this message is to be believed, three dragons."
23/07/2017,Stormborn,0.206,0.0,0.794,0.0772,2.0,7.0,tyene,Momma will want Cersei for herself.
23/07/2017,Stormborn,0.115,0.0,0.885,0.0772,2.0,7.0,obara,She's not my momma. You can have Cersei. I want The Mountain.
30/07/2017,The Queen’s Justice,0.08,0.148,0.772,-0.4802,3.0,7.0,davos,"Not to defeat Cersei. You could storm King's Landing tomorrow and the city would fall. Hell, we almost took it and we didn't even have dragons."
30/07/2017,The Queen’s Justice,0.197,0.066,0.737,0.7994,3.0,7.0,jon snow,But you haven't stormed King's Landing. Why not? The only reason I can see is you don't want to kill thousands of innocent people. It's the fastest way to win the war but you won't do it. Which means at the very least you're better than Cersei.
30/07/2017,The Queen’s Justice,0.074,0.187,0.739,-0.4141,3.0,7.0,jon snow,"Because right now you and I and Cersei and everyone else, we're children playing at a game screaming that the rules aren't fair."
30/07/2017,The Queen’s Justice,0.0,0.0,1.0,0.0,3.0,7.0,daenerys targaryen,You know I'm not going to let Cersei stay on the Iron Throne.
30/07/2017,The Queen’s Justice,0.182,0.0,0.818,0.4404,3.0,7.0,petyr baelish,I know Cersei better than anyone here. If you turn your back on her --
30/07/2017,The Queen’s Justice,0.0,0.256,0.744,-0.3412,3.0,7.0,sansa stark,You don't know Cersei better than anyone here.
30/07/2017,The Queen’s Justice,0.229,0.154,0.617,0.1779,3.0,7.0,tyrion lannister,Yes. Cersei believes my sole purpose in life is to destroy House Lannister. She will be ready.
30/07/2017,The Queen’s Justice,0.252,0.058,0.69,0.6842,3.0,7.0,jaime lannister,"The truth is Casterly Rock isn't worth much anymore. Well, it is to me. My fond childhood memories won't keep Cersei on the throne."
30/07/2017,The Queen’s Justice,0.071,0.0,0.929,0.3818,3.0,7.0,jaime lannister,Cersei had several ideas. Whipping you through the streets and beheading you in front of the Red Keep. Flaying you alive and hanging you from the walls of King's Landing. I talked her out of those.
30/07/2017,The Queen’s Justice,0.048,0.219,0.733,-0.9382,3.0,7.0,olenna tyrell,"I'd hate to die like your son clawing at my neck, foam and bile spilling from my mouth, eyes blood red, skin purple. It must have been horrible for you as a Kingsguard, as a father. It was horrible enough for me. A shocking scene. Not at all what I intended. You see, I'd never seen the posion work before. Tell Cersei. I want her to know it was me."
06/08/2017,The Spoils Of War,0.506,0.0,0.494,0.802,4.0,7.0,bronn,"Yes, I'm sure Queen Cersei's reign will be quiet and peaceful."
06/08/2017,The Spoils Of War,0.0,0.0,1.0,0.0,4.0,7.0,bran stark,Cersei is on her list of names.
06/08/2017,The Spoils Of War,0.068,0.0,0.932,0.0258,4.0,7.0,daenerys targaryen,Who won't be able to eat because Cersei has taken all the food from the Reach.
13/08/2017,Eastwatch,0.0,0.0,1.0,0.0,5.0,7.0,jaime lannister,I have to tell Cersei.
13/08/2017,Eastwatch,0.0,0.212,0.788,-0.5423,5.0,7.0,daenerys targaryen,"I know what Cersei has told you, that I've come to destroy your cities --"
13/08/2017,Eastwatch,0.13,0.226,0.644,-0.8381,5.0,7.0,daenerys targaryen,"burn down your homes, murder you and orphan your children. That's Cersei Lannister, not me. I'm not here to murder. And all I want to destroy is the wheel that is rolled over rich and poor to the benefit of no one but the Cersei Lannisters of the world. I offer you a choice. Bend the knee and join me. Together we will leave the world a better place than we found it, or refuse and die."
13/08/2017,Eastwatch,0.0,0.0,1.0,0.0,5.0,7.0,jaime lannister,"is quickly walking down the hall leading to CERSEI's room. As he approaches, QYBURN exits the queen's chambers."
13/08/2017,Eastwatch,0.0,0.0,1.0,0.0,5.0,7.0,jaime lannister,passes by QYBURN without saying a word and barges into CERSEI's quarters. CERSEI stand and walks over to JAIME.
13/08/2017,Eastwatch,0.0,0.0,1.0,0.0,5.0,7.0,jaime lannister,walks across the room to where CERSEI is standing.
13/08/2017,Eastwatch,0.0,0.0,1.0,0.0,5.0,7.0,daenerys targaryen,And give the country to Cersei? As soon as I march away she marches in.
13/08/2017,Eastwatch,0.0,0.292,0.708,-0.872,5.0,7.0,tyrion lannister,Perhaps not. Cersei thinks the Army of the Dead is nothing but a story made up by wet nurses to frighten children. What if we prove her wrong?
13/08/2017,Eastwatch,0.231,0.077,0.692,0.6745,5.0,7.0,varys,Anything you bring back will be useless unless Cersei grants us an audience and is somehow convinced not to murder us the moment we set foot in the capital.
13/08/2017,Eastwatch,0.164,0.261,0.575,-0.6731,5.0,7.0,tyrion lannister,Daenerys will win this war. You're a military man. You must know there is no way around it. Daenerys is not her father. She's even willing to suspend hostilities if Cersei agrees to certain terms.
13/08/2017,Eastwatch,0.106,0.0,0.894,0.0772,5.0,7.0,jaime lannister,You want Cersei to bend the knee you can ask her yourself.
13/08/2017,Eastwatch,0.0,0.15,0.85,-0.1926,5.0,7.0,guard,Arrangement? You gonna arrange to pay us more than Queen Cersei?
13/08/2017,Eastwatch,0.0,0.0,1.0,0.0,5.0,7.0,jaime lannister,opens the door and step into the queen's room. CERSEI is seated near a window speaking to QYBURN.
13/08/2017,Eastwatch,0.0,0.083,0.917,-0.25,5.0,7.0,qyburn,closes the door as he leaves. JAIME and CERSEI are alone. CERSEI begins walking over to a chair in front of JAIME and sits.
13/08/2017,Eastwatch,0.362,0.0,0.638,0.7003,5.0,7.0,jaime lannister,reaches forward and takes CERSEI and kisses her. While they embrace CERSEI speaks to JAIME.
20/08/2017,Beyond the Wall,0.069,0.161,0.771,-0.5106,6.0,7.0,arya stark,And you were stupid enough to believe them. I remember you standing on that platform with Joffrey and Cersei when they dragged father too the block. I remember the pretty dress you were wearing. I remember the fancy way you did your hair.
20/08/2017,Beyond the Wall,0.108,0.073,0.819,0.296,6.0,7.0,sansa stark,"Do you know how happy Cersei would be if she saw us fighting? This is exactly what she wants. This is what she's always wanted, to tear us apart --"
20/08/2017,Beyond the Wall,0.0,0.0,1.0,0.0,6.0,7.0,arya stark,"The northern lords will read it. They wouldn't think much of Lady Sansa if they knew how she did Cersei's bidding. What would little Lyanna Mormont say? She's younger than you were when you wrote this. Are you going to say, ""But I was just a child""?"
27/08/2017,The Dragon and the Wolf,0.0,0.0,1.0,0.0,7.0,7.0,tyrion lannister,Cersei will anyway.
27/08/2017,The Dragon and the Wolf,0.059,0.12,0.821,-0.6139,7.0,7.0,bronn,"I put yourself at risk. Important difference. It's your head Queen Cersei's offered a bag of gold for, it's not mine. Now, thanks to me, she's got two traitors' heads coming right through her door. She can lop them both off as soon as she gets tired of the clever words that pour out their pieholes. All thanks to Ser Bronn of the fucking Blackwater. If that's not looking after myself, I don't know what is."
27/08/2017,The Dragon and the Wolf,0.234,0.292,0.474,-0.1833,7.0,7.0,tyrion lannister,I don't want Cersei to murder me either. I could have stayed in my cell and saved a great deal of trouble.
27/08/2017,The Dragon and the Wolf,0.0,0.0,1.0,0.0,7.0,7.0,tyrion lannister,"Cersei, I didn't know."
27/08/2017,The Dragon and the Wolf,0.124,0.0,0.876,0.2411,7.0,7.0,daenerys targaryen,I can't forget what I saw north of the Wall. And I can't pretend that Cersei won't take back half the country the moment I march north.
27/08/2017,The Dragon and the Wolf,0.0,0.0,1.0,0.0,7.0,7.0,petyr baelish,Why did she unearth the letter Cersei made you write?
27/08/2017,The Dragon and the Wolf,0.063,0.22,0.716,-0.6908,7.0,7.0,theon greyjoy,"What you did in King's Landing, what you said... You couldo ve lied to Cersei about bending the knee to Daenerys. You risked everything to tell an enemy the truth."
27/08/2017,The Dragon and the Wolf,0.0,0.276,0.724,-0.6369,7.0,7.0,sansa stark,You conspired with Cersei Lannister and Joffrey Baratheon to betray our father.
14/04/2019,Winterfell,0.0,0.191,0.809,-0.3818,1.0,8.0,sansa stark,Cersei told you her army was coming north to fight for you?
14/04/2019,Winterfell,0.0,0.0,1.0,0.0,1.0,8.0,qyburn,"That was Ser Jaime's doing, not hers. When Queen Cersei wants something, she pays in advance and in gold. Several chests of it, in fact. Waiting for you in a wagon just outside."
14/04/2019,Winterfell,0.09,0.262,0.648,-0.7391,1.0,8.0,qyburn,"When the Citadel expelled me, I thought I would die poor and alone, but in exchange for my service, Queen Cersei made me her Hand. What would she do for the man who rids her of her treasonous brothers?"
21/04/2019,A Knight of the Seven Kingdoms,0.0,0.223,0.777,-0.743,2.0,8.0,daenerys targaryen,"Either you knew Cersei was lying and let me believe otherwise, or you didn't know at all. Which makes you either a traitor or a fool."
21/04/2019,A Knight of the Seven Kingdoms,0.136,0.096,0.767,0.2363,2.0,8.0,daenerys targaryen,"Cersei still sits on the throne. If you can't help me take it back, I'll find another Hand who can."
21/04/2019,A Knight of the Seven Kingdoms,0.105,0.0,0.895,0.25,2.0,8.0,tyrion lannister,Cersei told me the pregnancy had changed her. A chance for you both to start again. And I believed her.
21/04/2019,A Knight of the Seven Kingdoms,0.321,0.17,0.508,0.713,2.0,8.0,tyrion lannister,At least Cersei won't get to murder me. I'm sure I'll feel some satisfaction denying her that pleasure while I'm being ripped apart by dead men.
21/04/2019,A Knight of the Seven Kingdoms,0.279,0.078,0.643,0.7612,2.0,8.0,daenerys targaryen,"I asked him to be my Hand because he was good, and intelligent, and ruthless when he had to be. He never should have trusted Cersei."
21/04/2019,A Knight of the Seven Kingdoms,0.0,0.504,0.496,-0.9034,2.0,8.0,sansa stark,"And what happens afterwards? We defeat the dead, we destroy Cersei. What happens then?"
12/05/2019,The Bells,0.148,0.0,0.852,0.5106,5.0,8.0,tyrion lannister,They're afraid. Anyone who resists Cersei will see his family butchered. You can't expect them to be heroes. They're hostages.
12/05/2019,The Bells,0.083,0.237,0.68,-0.836,5.0,8.0,tyrion lannister,"Cersei's followers will abandon her if they know the war is lost. Give them that chance. If the city surrenders, they will ring the bells and raise the gates. Please, if you hear them ringing the bells, call off the attack."
12/05/2019,The Bells,0.0,0.37,0.63,-0.6908,5.0,8.0,arya stark,I'm Arya Stark. I'm going to kill Queen Cersei.
12/05/2019,The Bells,0.133,0.148,0.719,-0.091,5.0,8.0,sandor clegane,"Think about it. She kills Cersei, the war's over. There won't be a siege. You might not even die tomorrow."
12/05/2019,The Bells,0.0,0.362,0.638,-0.5267,5.0,8.0,jaime lannister,"Cersei once called me ""the stupidest Lannister."""
12/05/2019,The Bells,0.182,0.0,0.818,0.25,5.0,8.0,jaime lannister,When have I ever been able to convince Cersei of anything?
12/05/2019,The Bells,0.272,0.0,0.728,0.6808,5.0,8.0,tyrion lannister,You do care for one innocent. I know you do. And so does Cersei. She has a reason now.
12/05/2019,The Bells,0.136,0.185,0.679,-0.3016,5.0,8.0,jaime lannister,Sail right past the Iron Fleet and into a new life? Sounds a lot less likely than Cersei winning this war-
12/05/2019,The Bells,0.0,0.0,1.0,0.0,5.0,8.0,tyrion lannister,"There won't be an Iron Fleet for much longer. Do it. If you don't, you'll never see Cersei again."
12/05/2019,The Bells,0.263,0.172,0.565,0.4932,5.0,8.0,euron greyjoy,"Oh, but I am. And I fucked the queen. If I win, I'll bring your head to Cersei so you can kiss her one last time."
19/05/2019,The Iron Throne,0.14,0.309,0.551,-0.6124,6.0,8.0,grey worm,"Kill all who follow Cersei Lannister."" These are free men. They chose to fight for her."
19/05/2019,The Iron Throne,0.0,0.37,0.63,-0.6908,6.0,8.0,arya stark,I came to kill Cersei. Your queen got there first.
19/05/2019,The Iron Throne,0.0,0.355,0.645,-0.296,6.0,8.0,jon snow,Cersei left her no choice.
19/05/2019,The Iron Throne,0.241,0.087,0.672,0.5994,6.0,8.0,daenerys targaryen,I tried to make peace with Cersei. She used their innocence as a weapon against me. She thought it would cripple me.
19/05/2019,The Iron Throne,0.094,0.0,0.906,0.4019,6.0,8.0,yara greyjoy,"She freed us from a tyrant. Cersei is gone because of her, and Jon Snow put a knife in her heart. Let the Unsullied give him what he deserves."
